﻿<?xml version="1.0" encoding="utf-8"?>
<metadata>
  <idinfo>
    <citation>
      <citeinfo>
        <origin>Woopert</origin>
        <pubdate>20170617</pubdate>
        <title>T3GS/PENN State University 0.5M LiDAR</title>
        <geoform>project level data</geoform>
      </citeinfo>
    </citation>
    <descript>
      <abstract>In April of 2017 Woolpert obtained new aerial LiDAR covering the entire project area (+/- 45 sq. miles). The aerial LiDAR was collected during leaf-off conditions at a point density average of 0.5-meter with products comprised of LAS (ground and above ground points) and DEM in IMG format (contains ground only points). The LiDAR and DEM is delivered using 1,250’ x 1,250' tiles (matches the ortho tiling system). Adjacent flight lines overlap by an average of 25 percent. LiDAR was collected with a Leica ALS80 LiDAR System. The LiDAR data was produced in the Pennsylvania State Plane NAD83 (2011), NAVD 88 Geoid12B in units of Survey Foot. Ground conditions: Water at normal levels; no unusual inundation; no snow; leaf off.</abstract>
      <purpose>Produce elevation products for the Penn State University. </purpose>
    </descript>
    <timeperd>
      <timeinfo>
        <sngdate>
          <caldate>20170403</caldate>
        </sngdate>
      </timeinfo>
      <current>ground condition</current>
    </timeperd>
    <status>
      <progress>Complete</progress>
      <update>As needed</update>
    </status>
    <spdom>
      <bounding>
        <westbc>-77.925423</westbc>
        <eastbc>-77.762630</eastbc>
        <northbc>40.893989</northbc>
        <southbc>40.742899</southbc>
      </bounding>
    </spdom>
    <keywords>
      <theme>
        <themekt>None</themekt>
        <themekey>LiDAR</themekey>
      </theme>
      <place>
        <placekt>None</placekt>
        <placekey>United States</placekey>
        <placekey>Pennsylvania</placekey>
        <placekey>Penn State University</placekey>
      </place>
    </keywords>
    <accconst>This data set is in the public domain, and the recipient may not assert any proprietary rights thereto nor represent it to any one as other than a data set produced by Woolpert for the T3GS/PENN State University 0.5M LiDAR.</accconst>
    <useconst>This data is for planning purposes only and should not be used for legal or cadastral purposes. This data set is provided "as-is" without warranty of any kind, including, but not limited to, the implied warranties of merchantability and fitness for a particular purpose.  User must assume responsiblity for determining the suitability of these data for their purposes. Users should be aware that temporal changes may have occurred since this data set was collected and some parts of this data may no longer represent actual surface conditions.  Users should not use this data for critical applications without a full awareness of it's limitations.</useconst>
    <ptcontac>
      <cntinfo>
        <cntorgp>
          <cntorg>T3 Global Solutions, Inc.</cntorg>
        </cntorgp>
        <cntpos>Project Manager</cntpos>
        <cntaddr>
          <addrtype>mailing and physical address</addrtype>
          <address>10 Emerson Lane Suite 808 </address>
          <city>Bridgeville</city>
          <state>PA </state>
          <postal>15017 </postal>
          <country>USA</country>
        </cntaddr>
        <cntvoice>(412) 221 2003</cntvoice>
        <cntfax>(412) 221 2004</cntfax>
      </cntinfo>
    </ptcontac>
    <secinfo>
      <secsys>Unclassified</secsys>
      <secclass>Unclassified</secclass>
      <sechandl>Unclassified</sechandl>
    </secinfo>
    <native>Microsoft Windows 7 Version 6.1 (Build 7600); ArcMap 10.3; ArcCatalog 10.3; TerraScan ver. 16.01; TerraModeler ver. 16.01; Geocue 2014.1.21; LP360 2015.1.</native>
  </idinfo>
  <dataqual>
    <logic>All formatted data are validated using commercial GIS software to ensure proper formatting and loading prior to delivery.</logic>
    <complete>The LiDAR data is visually inspected for completeness to ensure there are no gaps between flight lines.</complete>
    <posacc>
      <horizpa>
        <horizpar>Produced to meet 1.18 US Feet horizontal accuracy at 95 percent confidence level.</horizpar>
        <qhorizpa>
          <horizpav>1.18 US Feet horizontal accuracy</horizpav>
        </qhorizpa>
      </horizpa>
      <vertacc>
        <vertaccr>LAS data covering the Penn State University 0.5M LiDAR AOI was compared to survey control points to determine the vertical accuracy of the LAS. LAS Vertical Accuracy produced to meet 0.111 US feet vertical accuracy at a 95 percent confidence level, derived according to NSSDA, in open terrain using 0.057 US feet (RMSEz) x 1.96000 as defined by the National Standards for Spatial Data Accuracy (NSSDA); assessed and reported using National Digital Elevation Program (NDEP)/ASPRS Guidelines.</vertaccr>
        <qvertpa>
          <vertaccv>0.111 feet</vertaccv>
          <vertacce>Tested 0.111 feet vertical accuracy at 95 percent confidence level.</vertacce>
        </qvertpa>
      </vertacc>
    </posacc>
    <lineage>
      <procstep>
        <procdesc>Using the ALS80 Light Detection And Ranging (LiDAR) system, 21 (twenty-one) flight lines of high density data, at a nominal pulse spacing (NPS) of 0.5 meter, were collected for T3GS/PENN State University 0.5M LiDAR (approximately 45 square miles). Multiple returns were recorded for each laser pulse along with an intensity value for each return. One (1) mission was flown on April 4, 2017. A single airborne global positioning system (GPS) base station was used in support of the LiDAR data acquisition. Twenty(20) ground control points were surveyed through static methods. The geoid used to reduce satellite derived elevations to orthometric heights was Geoid12B. All data for the task order is referenced to the NAD83 (2011) Pennsylvania State Plane; NAVD88 in U.S. Feet. Airborne GPS data was differentially processed and integrated with the post processed IMU data to derive a smoothed best estimate of trajectory (SBET). The SBET was used to reduce the LiDAR slant range measurements to a raw reflective surface for each flight line. The coverage was classified to extract a bare earth digital elevation model (DEM) and separate last returns. In addition to the LAS deliverables, elevation data was delivered in the DEM IMG format.</procdesc>
        <procdate>20170404</procdate>
        <proctime>1200</proctime>
        <proccont>
          <cntinfo>
            <cntorgp>
              <cntorg>Woolpert, Inc.</cntorg>
            </cntorgp>
            <cntpos>Geospatial Services</cntpos>
            <cntaddr>
              <addrtype>mailing and physical address</addrtype>
              <address>4454 Idea Center Blvd.</address>
              <city>Dayton</city>
              <state>OH</state>
              <postal>45430</postal>
              <country>USA</country>
            </cntaddr>
            <cntvoice>(937) 461-5660</cntvoice>
            <cntfax>(937) 461-0743</cntfax>
            <hours>8:00 a.m. to 5:00 p.m. Eastern Time</hours>
          </cntinfo>
        </proccont>
      </procstep>
      <procstep>
        <procdesc>The ALS80 calibration and system performance is verified on a periodic basis using Woolpert's calibration range. The calibration range consists of a large building and runway. The edges of the building and control points along the runway have been located using conventional survey methods. Inertial measurement unit (IMU) misalignment angles and horizontal accuracy are calculated by comparing the position of the building edges between opposing flight lines. The scanner scale factor and vertical accuracy is calculated through comparison of LiDAR data against control points along the runway. Field calibration is performed on all flight lines to refine the IMU misalignment angles. IMU misalignment angles are calculated from the relative displacement of features within the overlap region of adjacent (and opposing) flight lines. The raw LiDAR data is reduced using the refined misalignment angles.</procdesc>
        <procdate>2017</procdate>
        <proctime>1200</proctime>
        <proccont>
          <cntinfo>
            <cntorgp>
              <cntorg>Woolpert, Inc.</cntorg>
            </cntorgp>
            <cntpos>Geospatial Services</cntpos>
            <cntaddr>
              <addrtype>mailing and physical address</addrtype>
              <address>4454 Idea Center Blvd.</address>
              <city>Dayton</city>
              <state>OH</state>
              <postal>45430</postal>
              <country>USA</country>
            </cntaddr>
            <cntvoice>(937) 461-5660</cntvoice>
            <cntfax>(937) 461-0743</cntfax>
            <hours>8:00 a.m. to 5:00 p.m. Eastern Time</hours>
          </cntinfo>
        </proccont>
      </procstep>
      <procstep>
        <procdesc>Once the data acquisition and GPS processing phases are complete, the LiDAR data was processed immediately to verify the coverage had no voids. The GPS and IMU data was post processed using differential and Kalman filter algorithms to derive a best estimate of trajectory. The quality of the solution was verified to be consistent with the accuracy requirements of the project.</procdesc>
        <procdate>20170404</procdate>
        <proctime>1200</proctime>
        <proccont>
          <cntinfo>
            <cntorgp>
              <cntorg>Woolpert, Inc.</cntorg>
            </cntorgp>
            <cntpos>Geospatial Services</cntpos>
            <cntaddr>
              <addrtype>mailing and physical address</addrtype>
              <address>4454 Idea Center Blvd.</address>
              <city>Dayton</city>
              <state>OH</state>
              <postal>45430</postal>
              <country>USA</country>
            </cntaddr>
            <cntvoice>(937) 461-5660</cntvoice>
            <cntfax>(937) 461-0743</cntfax>
            <hours>8:00 a.m. to 5:00 p.m. Eastern Time</hours>
          </cntinfo>
        </proccont>
      </procstep>
      <procstep>
        <procdesc>The individual flight lines were inspected to ensure the systematic and residual errors have been identified and removed. Then, the flight lines were compared to adjacent flight lines for any mismatches to obtain a homogenous coverage throughout the project area. The point cloud underwent a classification process to determine bare-earth points and non-ground points utilizing "first and only" as well as "last of many" LiDAR returns. This process determined Default  points (Class 1), Bare-Earth points (Class 2), Low Vegetation (Class 3), Medium Vegetation (Class 4), High Vegetation (Class 5), Buildings (Class 6), Noise (Class 7, Overlap Default (Class 17), Overlap Ground (Class 18) . The bare-earth (Class 2 - Ground) LiDAR points underwent a manual QA/QC step to verify that artifacts have been removed from the bare-earth surface. The surveyed ground control points are used to perform the accuracy checks and statistical analysis of the LiDAR dataset.</procdesc>
        <procdate>20170404</procdate>
        <proctime>1200</proctime>
        <proccont>
          <cntinfo>
            <cntorgp>
              <cntorg>Woolpert, Inc.</cntorg>
            </cntorgp>
            <cntpos>Geospatial Services</cntpos>
            <cntaddr>
              <addrtype>mailing and physical address</addrtype>
              <address>4454 Idea Center Blvd.</address>
              <city>Dayton</city>
              <state>OH</state>
              <postal>45430</postal>
              <country>USA</country>
            </cntaddr>
            <cntvoice>(937) 461-5660</cntvoice>
            <cntfax>(937) 461-0743</cntfax>
            <hours>8:00 a.m. to 5:00 p.m. Eastern Time</hours>
          </cntinfo>
        </proccont>
      </procstep>
    </lineage>
    <cloud>0</cloud>
  </dataqual>
  <spdoinfo>
    <direct>Point</direct>
  </spdoinfo>
  <spref>
    <horizsys>
      <planar>
        <mapproj>
          <mapprojn>NAD 1983 2011 StatePlane Pennsylvania North FIPS 3701 Ft US</mapprojn>
          <lambertc>
            <stdparll>40.88333333333333</stdparll>
            <stdparll>41.95</stdparll>
            <longcm>-77.75</longcm>
            <latprjo>40.16666666666666</latprjo>
            <feast>1968500.0</feast>
            <fnorth>0.0</fnorth>
          </lambertc>
        </mapproj>
        <planci>
          <plance>coordinate pair</plance>
          <coordrep>
            <absres>0.000000026822588594654923</absres>
            <ordres>0.000000026822588594654923</ordres>
          </coordrep>
          <plandu>foot_us</plandu>
        </planci>
      </planar>
      <geodetic>
        <horizdn>D NAD 1983 2011</horizdn>
        <ellips>GRS 1980</ellips>
        <semiaxis>6378137.0</semiaxis>
        <denflat>298.257222101</denflat>
      </geodetic>
    </horizsys>
    <vertdef>
      <altsys>
        <altdatum>North American Vertical Datum of 1988</altdatum>
        <altres>0.000100</altres>
        <altunits>Survey Feet</altunits>
        <altenc>Explicit elevation coordinate included with horizontal coordinates</altenc>
      </altsys>
    </vertdef>
  </spref>
  <distinfo>
    <distrib>
      <cntinfo>
        <cntorgp>
          <cntorg>T3 Global Solutions, Inc.</cntorg>
        </cntorgp>
        <cntpos>Project Manager</cntpos>
        <cntaddr>
          <addrtype>mailing and physical address</addrtype>
          <address>10 Emerson Lane Suite 808 </address>
          <city>Bridgeville</city>
          <state>PA </state>
          <postal>15017 </postal>
          <country>USA</country>
        </cntaddr>
        <cntvoice>(412) 221 2003</cntvoice>
        <cntfax>(412)  221 2004</cntfax>
      </cntinfo>
    </distrib>
    <resdesc>Downloadable Data</resdesc>
    <distliab>Woolpert prepared the original data as set forth in the Scope of Services, in accordance with reasonable care and due diligence as set forth in this Agreement, however, due to the easily alterable nature of electronic media, files, documents, and other deliverables, Woolpert, Inc. makes no warranties, either expressed or implied, with respect to the accuracy, completeness, merchantability, or fitness for any particular purpose, including, but not limited to, use of any/all data as described within this metadata file, by any user of this data. Any use will be at the end-user's sole risk.</distliab>
    <stdorder>
      <digform>
        <digtinfo>
          <formname>LAS</formname>
          <formvern>1.2</formvern>
          <formspec>ASPRS</formspec>
        </digtinfo>
        <digtopt>
          <onlinopt>
            <computer>
              <networka>
                <networkr>Unknown</networkr>
              </networka>
            </computer>
          </onlinopt>
          <offoptn>
            <offmedia>Unknown</offmedia>
            <recfmt>Digital</recfmt>
          </offoptn>
        </digtopt>
      </digform>
      <fees>Unknown</fees>
    </stdorder>
    <availabl>
      <timeinfo>
        <sngdate>
          <caldate>Unknown</caldate>
          <time>Unknown</time>
        </sngdate>
      </timeinfo>
    </availabl>
  </distinfo>
  <metainfo>
    <metd>20170614</metd>
    <metc>
      <cntinfo>
        <cntorgp>
          <cntorg>T3 Global Solutions, Inc.</cntorg>
        </cntorgp>
        <cntpos>Project Manager</cntpos>
        <cntaddr>
          <addrtype>mailing and physical address</addrtype>
          <address>10 Emerson Lane Suite 808 </address>
          <city>Bridgeville</city>
          <state>PA </state>
          <postal>15017 </postal>
          <country>USA</country>
        </cntaddr>
        <cntvoice>(412) 221 2003</cntvoice>
        <cntfax>(412)  221 2004</cntfax>
      </cntinfo>
    </metc>
    <metstdn>FGDC Content Standards for Digital Geospatial Metadata</metstdn>
    <metstdv>FGDC-STD-001-1998</metstdv>
    <mettc>local time</mettc>
    <metsi>
      <metscs>Unclassified</metscs>
      <metsc>Unclassified</metsc>
      <metshd>Unclassified</metshd>
    </metsi>
  </metainfo>
</metadata>